Helix,Start,End,Sequence,Hydrophobicity,HydrophobicMoment,NetCharge,FreqPolar,FreqNonPolar,vx,vy
1,1,18,SPLTDSGGYYYPKGELDS,0.261,0.039,-2,0.611,0.389,-0.030916255396169805,0.023908676640314402
2,2,19,PLTDSGGYYYPKGELDSL,0.357,0.07,-2,0.556,0.444,0.012128011021671334,-0.06890321291194519
3,3,20,LTDSGGYYYPKGELDSLL,0.412,0.096,-2,0.556,0.444,-0.07941660385763732,-0.0535961529225348
4,4,21,TDSGGYYYPKGELDSLLE,0.282,0.216,-3,0.611,0.389,-0.016417095296664113,0.21554196937344397
5,5,22,DSGGYYYPKGELDSLLED,0.224,0.228,-4,0.611,0.389,0.22505473583027819,0.03509210062668679
6,6,23,SGGYYYPKGELDSLLEDI,0.367,0.37,-3,0.556,0.444,-0.029314472908038833,-0.36833799053551103
7,7,24,GGYYYPKGELDSLLEDID,0.327,0.375,-4,0.556,0.444,-0.3506093056920692,0.13276976655612255
8,8,25,GYYYPKGELDSLLEDIDS,0.324,0.377,-4,0.611,0.389,0.19202124731584613,0.3244159961854028
9,9,26,YYYPKGELDSLLEDIDSP,0.364,0.399,-4,0.611,0.389,0.2791973214681589,-0.28483056976380566
10,10,27,YYPKGELDSLLEDIDSPF,0.411,0.432,-4,0.556,0.444,-0.33699256989535525,-0.27090595714099586
11,11,28,YPKGELDSLLEDIDSPFS,0.355,0.477,-4,0.556,0.444,-0.19862502029852525,0.4336267631511157
12,12,29,PKGELDSLLEDIDSPFSI,0.402,0.459,-4,0.5,0.5,0.4534262894542477,0.07435126758282373
13,13,30,KGELDSLLEDIDSPFSII,0.462,0.519,-4,0.5,0.5,-0.01593383476817303,-0.518537152577817
14,14,31,GELDSLLEDIDSPFSIIS,0.514,0.52,-5,0.5,0.5,-0.5170572916451903,0.05375883087033859
15,15,32,ELDSLLEDIDSPFSIISS,0.512,0.522,-5,0.556,0.444,0.14311405471682728,0.502055368222899
16,16,33,LDSLLEDIDSPFSIISSQ,0.536,0.529,-4,0.556,0.444,0.4655247334549787,-0.2510996780002359
17,17,34,DSLLEDIDSPFSIISSQK,0.386,0.404,-3,0.611,0.389,-0.30217167585661797,-0.2676753176944194
18,18,35,SLLEDIDSPFSIISSQKG,0.429,0.373,-2,0.556,0.444,-0.21856545045615797,0.30193445303615296
19,19,36,LLEDIDSPFSIISSQKGK,0.376,0.406,-1,0.556,0.444,0.344465647356588,0.21479054734755154
20,20,37,LEDIDSPFSIISSQKGKK,0.227,0.29,0,0.611,0.389,0.17766231980949743,-0.22935637975663056
21,21,38,EDIDSPFSIISSQKGKKS,0.13,0.243,0,0.667,0.333,-0.23993668855433745,-0.03993782979432401
22,22,39,DIDSPFSIISSQKGKKSE,0.13,0.243,0,0.667,0.333,0.002333484302965781,0.24322664248414366
23,23,40,IDSPFSIISSQKGKKSEP,0.213,0.258,1,0.611,0.389,0.2247520676982601,-0.1260540939931878
24,24,41,DSPFSIISSQKGKKSEPK,0.058,0.144,2,0.667,0.333,-0.13625136850772473,-0.046803313348505814
25,25,42,SPFSIISSQKGKKSEPKR,0.044,0.157,4,0.667,0.333,-0.020117154970718164,0.15543948417683584
26,26,43,PFSIISSQKGKKSEPKRG,0.047,0.156,4,0.611,0.389,0.15618543160281492,-0.009368714654444435
27,27,44,FSIISSQKGKKSEPKRGF,0.106,0.216,4,0.611,0.389,-0.0466701178536075,-0.21072711348557682
28,28,45,SIISSQKGKKSEPKRGFP,0.047,0.236,4,0.611,0.389,-0.18909909476349818,0.14109482290040146
29,29,46,IISSQKGKKSEPKRGFPS,0.047,0.236,4,0.611,0.389,0.17178798870634762,0.16172539573579006
30,30,47,ISSQKGKKSEPKRGFPSA,-0.036,0.185,4,0.611,0.389,0.14381196265807827,-0.11574126607169083
31,31,48,SSQKGKKSEPKRGFPSAR,-0.192,0.116,5,0.667,0.333,-0.11184717145512647,0.03221055668620761
32,32,49,SQKGKKSEPKRGFPSARF,-0.091,0.034,5,0.611,0.389,0.033489032057663265,0.004432535575055592
33,33,50,QKGKKSEPKRGFPSARFV,-0.021,0.104,5,0.556,0.444,-0.013605486425509785,-0.10268650284716813
34,34,51,KGKKSEPKRGFPSARFVI,0.092,0.142,5,0.5,0.5,-0.11825108059216036,-0.07928720189895837
35,35,52,GKKSEPKRGFPSARFVID,0.104,0.132,3,0.5,0.5,-0.05967093310869409,0.11818611988781269
36,36,53,KKSEPKRGFPSARFVIDD,0.061,0.156,2,0.556,0.444,0.13418063911370964,0.08036948042305969
37,37,54,KSEPKRGFPSARFVIDDD,0.073,0.167,0,0.556,0.444,0.0537258973499825,-0.1581346867222991
38,38,55,SEPKRGFPSARFVIDDDS,0.126,0.191,-1,0.556,0.444,-0.17422643460504314,-0.07742584481485354
39,39,56,EPKRGFPSARFVIDDDSP,0.168,0.153,-1,0.5,0.5,-0.05332728133255205,0.14344362864129379
40,40,57,PKRGFPSARFVIDDDSPV,0.272,0.152,0,0.444,0.556,0.13258093780389757,-0.07415507241939377
41,41,58,KRGFPSARFVIDDDSPVA,0.249,0.132,0,0.444,0.556,-0.09209560888440665,-0.09525811010857581
42,42,59,RGFPSARFVIDDDSPVAQ,0.292,0.107,-1,0.444,0.556,-0.08524697387406471,0.06510997966390494
43,43,60,GFPSARFVIDDDSPVAQG,0.348,0.071,-2,0.389,0.611,0.0691802022450214,0.017386994223088294
44,44,61,FPSARFVIDDDSPVAQGK,0.293,0.022,-1,0.444,0.556,0.014660480433678744,-0.01698399297212272
45,45,62,PSARFVIDDDSPVAQGKP,0.233,0.048,-1,0.444,0.556,-0.00894931421687991,0.047052834397538545
46,46,63,SARFVIDDDSPVAQGKPK,0.138,0.114,0,0.5,0.5,0.06438860509938318,0.09419945161388907
47,47,64,ARFVIDDDSPVAQGKPKK,0.086,0.095,1,0.5,0.5,0.09075215127325353,-0.027791995875178936
48,48,65,RFVIDDDSPVAQGKPKKR,0.012,0.033,2,0.556,0.444,-0.030394519001939495,-0.012328157518089763
49,49,66,FVIDDDSPVAQGKPKKRF,0.168,0.126,1,0.5,0.5,-0.03387485101660909,-0.12111879708603844
50,50,67,VIDDDSPVAQGKPKKRFL,0.163,0.127,1,0.5,0.5,-0.11252818336973434,0.059316313073552576
51,51,68,IDDDSPVAQGKPKKRFLG,0.095,0.19,1,0.5,0.5,0.08972496657068406,0.16726653878124437
52,52,69,DDDSPVAQGKPKKRFLGL,0.089,0.187,1,0.5,0.5,0.1501095193732117,-0.11193621817818825
53,53,70,DDSPVAQGKPKKRFLGLF,0.232,0.313,2,0.444,0.556,-0.16099852970699194,-0.2684530452731744
